First Name,Last Name,Salary,Department,Age
Emily,Johnson,94000,Marketing,41
James,Smith,58000,Sales,29
Sophia,Lee,112000,Finance,37
Liam,Brown,45000,HR,26
Olivia,Williams,67000,IT,35
Noah,Jones,87000,Finance,44
Ava,Miller,53000,Marketing,30
Ethan,Davis,74000,IT,33
Isabella,Garcia,39000,HR,24
Mason,Martinez,102000,Finance,49
Charlotte,Rodriguez,46000,Sales,27
Logan,Hernandez,91000,IT,42
Amelia,Lopez,35000,HR,23
Lucas,Gonzalez,60000,Marketing,34
Mia,Wilson,80000,Finance,40
Oliver,Anderson,120000,IT,50
Harper,Thomas,73000,Sales,38
Elijah,Taylor,67000,Marketing,31
Evelyn,Moore,90000,Finance,45
William,Jackson,36000,HR,22
Abigail,Martin,57000,Sales,28
Benjamin,Lee,95000,Finance,47
Emily,White,66000,Marketing,32
Daniel,Harris,88000,IT,41
Scarlett,Clark,42000,HR,25
Matthew,Lewis,104000,Finance,48
Ella,Walker,76000,Sales,36
Alexander,Hall,39000,Marketing,27
Grace,Allen,98000,IT,43
Jacob,Young,34000,HR,24
